model,model_params,mean_CV_RMSE,std_CV_RMSE,training_RMSE,test_RMSE,run_comment,Model Name
GradientBoostingRegressor,"{'alpha': 0.9, 'ccp_alpha': 0.0, 'criterion': 'friedman_mse', 'init': None, 'learning_rate': 0.1, 'loss': 'squared_error', 'max_depth': 3, 'max_features': None, 'max_leaf_nodes': None, 'min_impurity_decrease': 0.0, 'min_samples_leaf': 1, 'min_samples_split': 2, 'min_weight_fraction_leaf': 0.0, 'n_estimators': 100, 'n_iter_no_change': None, 'random_state': 42, 'subsample': 1.0, 'tol': 0.0001, 'validation_fraction': 0.1, 'verbose': 0, 'warm_start': False}",407971.16534851934,36461.4336747361,365875.46512512525,366653.12972388574,Part 2.2 No target log transformation,GradientBoostingRegressor - Part 2.2 No target log transformation
RandomForestRegressor,"{'bootstrap': True, 'ccp_alpha': 0.0, 'criterion': 'squared_error', 'max_depth': None, 'max_features': None, 'max_leaf_nodes': None, 'max_samples': None, 'min_impurity_decrease': 0.0, 'min_samples_leaf': 1, 'min_samples_split': 2, 'min_weight_fraction_leaf': 0.0, 'monotonic_cst': None, 'n_estimators': 100, 'n_jobs': None, 'oob_score': False, 'random_state': 42, 'verbose': 0, 'warm_start': False}",410872.95394911413,34683.61814766488,153147.70011132318,373503.5109842059,Part 2.2 No target log transformation,RandomForestRegressor - Part 2.2 No target log transformation
LinearRegression,"{'copy_X': True, 'fit_intercept': True, 'n_jobs': None, 'positive': False}",411237.6800169371,37334.26055989104,411888.1045789947,,Final CV with selected features #2,LinearRegression - Final CV with selected features #2
Ridge,"{'alpha': 1.0, 'copy_X': True, 'fit_intercept': True, 'max_iter': 1000, 'positive': False, 'random_state': 42, 'solver': 'auto', 'tol': 0.001}",411525.95027333335,37275.31004343932,412178.02516841877,,Final CV with selected features #2,Ridge - Final CV with selected features #2
Lasso,"{'alpha': 1.0, 'copy_X': True, 'fit_intercept': True, 'max_iter': 1000, 'positive': False, 'precompute': False, 'random_state': 42, 'selection': 'cyclic', 'tol': 0.0001, 'warm_start': False}",411900.5193679565,37106.93680173544,412229.7713962545,,Final CV with selected features #2,Lasso - Final CV with selected features #2
LinearRegression,"{'copy_X': True, 'fit_intercept': True, 'n_jobs': None, 'positive': False}",412042.72297181445,37003.95559508533,411627.28350911295,359917.496643527,Part 2.2 No target log transformation,LinearRegression - Part 2.2 No target log transformation
Ridge,"{'alpha': 1.0, 'copy_X': True, 'fit_intercept': True, 'max_iter': 1000, 'positive': False, 'random_state': 42, 'solver': 'auto', 'tol': 0.001}",412235.73790155584,36920.91572049948,411871.91661219153,360051.9422227108,Part 2.2 No target log transformation,Ridge - Part 2.2 No target log transformation
Lasso,"{'alpha': 1.0, 'copy_X': True, 'fit_intercept': True, 'max_iter': 1000, 'positive': False, 'precompute': False, 'random_state': 42, 'selection': 'cyclic', 'tol': 0.0001, 'warm_start': False}",412444.3424654063,36890.87356423595,412060.0709594329,360224.3817871691,Part 2.2 No target log transformation,Lasso - Part 2.2 No target log transformation
GradientBoostingRegressor,"{'alpha': 0.9, 'ccp_alpha': 0.0, 'criterion': 'friedman_mse', 'init': None, 'learning_rate': 0.1, 'loss': 'squared_error', 'max_depth': 3, 'max_features': None, 'max_leaf_nodes': None, 'min_impurity_decrease': 0.0, 'min_samples_leaf': 1, 'min_samples_split': 2, 'min_weight_fraction_leaf': 0.0, 'n_estimators': 100, 'n_iter_no_change': None, 'random_state': 42, 'subsample': 1.0, 'tol': 0.0001, 'validation_fraction': 0.1, 'verbose': 0, 'warm_start': False}",412561.3807926192,34902.35435141387,370917.4872121093,,Final CV with selected features #2,GradientBoostingRegressor - Final CV with selected features #2
GradientBoostingRegressor,"{'alpha': 0.9, 'ccp_alpha': 0.0, 'criterion': 'friedman_mse', 'init': None, 'learning_rate': 0.1, 'loss': 'squared_error', 'max_depth': 3, 'max_features': None, 'max_leaf_nodes': None, 'min_impurity_decrease': 0.0, 'min_samples_leaf': 1, 'min_samples_split': 2, 'min_weight_fraction_leaf': 0.0, 'n_estimators': 100, 'n_iter_no_change': None, 'random_state': 42, 'subsample': 1.0, 'tol': 0.0001, 'validation_fraction': 0.1, 'verbose': 0, 'warm_start': False}",413826.7831091803,34872.625062833766,376620.45903160394,384864.54174529656,Base Model Parameters,GradientBoostingRegressor - Base Model Parameters
RandomForestRegressor,"{'bootstrap': True, 'ccp_alpha': 0.0, 'criterion': 'squared_error', 'max_depth': None, 'max_features': None, 'max_leaf_nodes': None, 'max_samples': None, 'min_impurity_decrease': 0.0, 'min_samples_leaf': 1, 'min_samples_split': 2, 'min_weight_fraction_leaf': 0.0, 'monotonic_cst': None, 'n_estimators': 100, 'n_jobs': None, 'oob_score': False, 'random_state': 42, 'verbose': 0, 'warm_start': False}",414800.6333445398,34704.898763012854,155298.30142475542,,Final CV with selected features #2,RandomForestRegressor - Final CV with selected features #2
RandomForestRegressor,"{'bootstrap': True, 'ccp_alpha': 0.0, 'criterion': 'squared_error', 'max_depth': None, 'max_features': None, 'max_leaf_nodes': None, 'max_samples': None, 'min_impurity_decrease': 0.0, 'min_samples_leaf': 1, 'min_samples_split': 2, 'min_weight_fraction_leaf': 0.0, 'monotonic_cst': None, 'n_estimators': 100, 'n_jobs': None, 'oob_score': False, 'random_state': 42, 'verbose': 0, 'warm_start': False}",418073.5424620463,28447.710694284317,214804.12992393426,368491.5632836778,Part 2.1 Target log transformation,RandomForestRegressor - Part 2.1 Target log transformation
Ridge,"{'alpha': 1.0, 'copy_X': True, 'fit_intercept': True, 'max_iter': 1000, 'positive': False, 'random_state': 42, 'solver': 'auto', 'tol': 0.001}",421243.84449342923,38651.38251232457,421925.00768287963,370620.40719496674,Base Model Parameters,Ridge - Base Model Parameters
Lasso,"{'alpha': 1.0, 'copy_X': True, 'fit_intercept': True, 'max_iter': 1000, 'positive': False, 'precompute': False, 'random_state': 42, 'selection': 'cyclic', 'tol': 0.0001, 'warm_start': False}",421286.72656621784,38648.585390474655,421920.7317606333,370616.09674271016,Base Model Parameters,Lasso - Base Model Parameters
LinearRegression,"{'copy_X': True, 'fit_intercept': True, 'n_jobs': None, 'positive': False}",421290.92843678204,38648.948178436294,421920.45626108657,370623.8661224218,Base Model Parameters,LinearRegression - Base Model Parameters
RandomForestRegressor,"{'bootstrap': True, 'ccp_alpha': 0.0, 'criterion': 'squared_error', 'max_depth': None, 'max_features': None, 'max_leaf_nodes': None, 'max_samples': None, 'min_impurity_decrease': 0.0, 'min_samples_leaf': 1, 'min_samples_split': 2, 'min_weight_fraction_leaf': 0.0, 'monotonic_cst': None, 'n_estimators': 100, 'n_jobs': None, 'oob_score': False, 'random_state': 42, 'verbose': 0, 'warm_start': False}",422464.2563603057,32148.05575535953,157307.64671691658,383765.95542597387,Base Model Parameters,RandomForestRegressor - Base Model Parameters
BaggingRegressor,"{'bootstrap': True, 'bootstrap_features': False, 'estimator': None, 'max_features': 1.0, 'max_samples': 1.0, 'n_estimators': 10, 'n_jobs': None, 'oob_score': False, 'random_state': 42, 'verbose': 0, 'warm_start': False}",425828.02265020285,27558.06683420776,225660.6081227208,382880.47319383,Part 2.1 Target log transformation,BaggingRegressor - Part 2.1 Target log transformation
BaggingRegressor,"{'bootstrap': True, 'bootstrap_features': False, 'estimator': None, 'max_features': 1.0, 'max_samples': 1.0, 'n_estimators': 10, 'n_jobs': None, 'oob_score': False, 'random_state': 42, 'verbose': 0, 'warm_start': False}",426501.095627307,33530.91354787454,181482.27167726177,398662.7173257198,Part 2.2 No target log transformation,BaggingRegressor - Part 2.2 No target log transformation
GradientBoostingRegressor,"{'alpha': 0.9, 'ccp_alpha': 0.0, 'criterion': 'friedman_mse', 'init': None, 'learning_rate': 0.1, 'loss': 'squared_error', 'max_depth': 3, 'max_features': None, 'max_leaf_nodes': None, 'min_impurity_decrease': 0.0, 'min_samples_leaf': 1, 'min_samples_split': 2, 'min_weight_fraction_leaf': 0.0, 'n_estimators': 100, 'n_iter_no_change': None, 'random_state': 42, 'subsample': 1.0, 'tol': 0.0001, 'validation_fraction': 0.1, 'verbose': 0, 'warm_start': False}",426531.3417823046,31453.78665449032,419235.23728543223,378428.585825294,Part 2.1 Target log transformation,GradientBoostingRegressor - Part 2.1 Target log transformation
Ridge,"{'alpha': 1.0, 'copy_X': True, 'fit_intercept': True, 'max_iter': 1000, 'positive': False, 'random_state': 42, 'solver': 'auto', 'tol': 0.001}",430649.2763277418,31885.61589262521,430485.9830027398,376626.35883065255,Part 2.1 Target log transformation,Ridge - Part 2.1 Target log transformation
LinearRegression,"{'copy_X': True, 'fit_intercept': True, 'n_jobs': None, 'positive': False}",431333.9856814324,32938.51520419607,430509.4997926363,376636.3242719905,Part 2.1 Target log transformation,LinearRegression - Part 2.1 Target log transformation
BaggingRegressor,"{'bootstrap': True, 'bootstrap_features': False, 'estimator': None, 'max_features': 1.0, 'max_samples': 1.0, 'n_estimators': 10, 'n_jobs': None, 'oob_score': False, 'random_state': 42, 'verbose': 0, 'warm_start': False}",437113.4100567843,31388.608739804487,183658.92053121192,404772.831183797,Base Model Parameters,BaggingRegressor - Base Model Parameters
BaggingRegressor,"{'bootstrap': True, 'bootstrap_features': False, 'estimator': None, 'max_features': 1.0, 'max_samples': 1.0, 'n_estimators': 10, 'n_jobs': None, 'oob_score': False, 'random_state': 42, 'verbose': 0, 'warm_start': False}",455473.05787213036,32699.08055678857,199778.18863354184,,Final CV with selected features #2,BaggingRegressor - Final CV with selected features #2
Lasso,"{'alpha': 1.0, 'copy_X': True, 'fit_intercept': True, 'max_iter': 1000, 'positive': False, 'precompute': False, 'random_state': 42, 'selection': 'cyclic', 'tol': 0.0001, 'warm_start': False}",547982.5530944144,30022.000518495002,548796.5202231262,505815.6437425825,Part 2.1 Target log transformation,Lasso - Part 2.1 Target log transformation
DecisionTreeRegressor,"{'ccp_alpha': 0.0, 'criterion': 'squared_error', 'max_depth': None, 'max_features': None, 'max_leaf_nodes': None, 'min_impurity_decrease': 0.0, 'min_samples_leaf': 1, 'min_samples_split': 2, 'min_weight_fraction_leaf': 0.0, 'monotonic_cst': None, 'random_state': 42, 'splitter': 'best'}",556178.2039645503,34575.41371081134,13484.674950222201,511228.94918728323,Part 2.1 Target log transformation,DecisionTreeRegressor - Part 2.1 Target log transformation
DecisionTreeRegressor,"{'ccp_alpha': 0.0, 'criterion': 'squared_error', 'max_depth': None, 'max_features': None, 'max_leaf_nodes': None, 'min_impurity_decrease': 0.0, 'min_samples_leaf': 1, 'min_samples_split': 2, 'min_weight_fraction_leaf': 0.0, 'monotonic_cst': None, 'random_state': 42, 'splitter': 'best'}",565763.3107881923,23262.481455034056,19987.231867669452,534376.4272771179,Base Model Parameters,DecisionTreeRegressor - Base Model Parameters
DecisionTreeRegressor,"{'ccp_alpha': 0.0, 'criterion': 'squared_error', 'max_depth': None, 'max_features': None, 'max_leaf_nodes': None, 'min_impurity_decrease': 0.0, 'min_samples_leaf': 1, 'min_samples_split': 2, 'min_weight_fraction_leaf': 0.0, 'monotonic_cst': None, 'random_state': 42, 'splitter': 'best'}",566666.1752021213,33714.918079929776,12789.411949925601,503270.0819938007,Part 2.2 No target log transformation,DecisionTreeRegressor - Part 2.2 No target log transformation
DecisionTreeRegressor,"{'ccp_alpha': 0.0, 'criterion': 'squared_error', 'max_depth': None, 'max_features': None, 'max_leaf_nodes': None, 'min_impurity_decrease': 0.0, 'min_samples_leaf': 1, 'min_samples_split': 2, 'min_weight_fraction_leaf': 0.0, 'monotonic_cst': None, 'random_state': 42, 'splitter': 'best'}",570037.4377202324,37598.26721073481,16239.643003755968,,Final CV with selected features #2,DecisionTreeRegressor - Final CV with selected features #2
